UserID,Age,Preferred_Mode,Loyalty_Points,Has_Churned
U0001,46,Metro/Bus,3035,0
U0002,36,E-Bike,976,0
U0003,45,E-Bike,1734,0
U0004,43,E-Bike,4845,1
U0005,21,Metro/Bus,1472,1
U0006,47,Metro/Bus,4357,0
U0007,36,Metro/Bus,1683,0
U0008,30,Metro/Bus,4402,0
U0009,43,Metro/Bus,3332,0
U0010,52,E-Bike,2733,0
U0011,49,Metro/Bus,3639,0
U0012,37,E-Bike,3671,0
U0013,37,Shuttle,1390,1
U0014,30,E-Bike,4485,0
U0015,42,E-Bike,2148,0
U0016,45,E-Bike,4451,0
U0017,26,E-Bike,4580,0
U0018,52,E-Bike,2787,1
U0019,40,E-Bike,2608,0
U0020,34,E-Bike,830,0
U0021,46,E-Bike,834,0
U0022,24,E-Bike,4879,0
U0023,27,E-Bike,991,1
U0024,46,Metro/Bus,3886,0
U0025,36,E-Bike,4221,0
U0026,25,Metro/Bus,547,0
U0027,22,Shuttle,2551,0
U0028,54,Shuttle,787,0
U0029,33,E-Bike,3795,1
U0030,49,E-Bike,4696,0
U0031,33,Shuttle,548,1
U0032,35,E-Bike,273,0
U0033,22,Metro/Bus,1535,0
U0034,26,E-Bike,1870,0
U0035,31,Shuttle,4541,1
U0036,26,Metro/Bus,1067,0
U0037,34,Shuttle,258,0
U0038,18,Shuttle,4675,0
U0039,47,Shuttle,3890,1
U0040,38,E-Bike,801,0
U0041,52,E-Bike,3310,0
U0042,21,E-Bike,3335,0
U0043,30,Metro/Bus,1059,1
U0044,41,Metro/Bus,2393,1
U0045,26,E-Bike,810,0
U0046,30,Metro/Bus,3577,0
U0047,27,E-Bike,1120,0
U0048,36,Shuttle,4616,1
U0049,42,Metro/Bus,4770,0
U0050,53,Metro/Bus,1121,1
U0051,27,Shuttle,768,0
U0052,35,E-Bike,1624,1
U0053,27,Shuttle,3061,0
U0054,54,Shuttle,4882,0
U0055,52,E-Bike,1237,0
U0056,53,E-Bike,823,1
U0057,39,Metro/Bus,1044,0
U0058,39,Metro/Bus,1712,0
U0059,34,Shuttle,3808,0
U0060,46,Shuttle,4349,0
U0061,34,Shuttle,2195,0
U0062,34,E-Bike,3937,0
U0063,24,E-Bike,2450,0
U0064,24,E-Bike,4088,1
U0065,44,Metro/Bus,3823,0
U0066,36,Shuttle,996,0
U0067,48,Shuttle,372,0
U0068,49,Metro/Bus,2271,0
U0069,49,E-Bike,2502,1
U0070,29,Shuttle,4040,0
U0071,55,E-Bike,4651,1
U0072,18,E-Bike,4368,0
U0073,19,Metro/Bus,1030,0
U0074,49,E-Bike,4582,0
U0075,39,E-Bike,1376,0
U0076,46,Metro/Bus,4982,0
U0077,54,Shuttle,3395,0
U0078,44,Metro/Bus,541,0
U0079,54,Shuttle,2081,0
U0080,42,Shuttle,1803,0
U0081,45,E-Bike,1759,0
U0082,42,E-Bike,3215,0
U0083,44,E-Bike,1298,0
U0084,40,E-Bike,124,0
U0085,20,Metro/Bus,3365,0
U0086,28,Shuttle,3147,1
U0087,46,E-Bike,3433,0
U0088,41,E-Bike,1455,1
U0089,27,Metro/Bus,4825,0
U0090,48,Metro/Bus,3953,0
U0091,21,E-Bike,4986,0
U0092,47,Shuttle,3851,0
U0093,40,Metro/Bus,3064,0
U0094,23,Shuttle,2604,0
U0095,19,E-Bike,2566,0
U0096,33,Metro/Bus,4339,0
U0097,43,Shuttle,4193,0
U0098,41,E-Bike,311,0
U0099,29,Metro/Bus,2851,0
U0100,48,E-Bike,4247,0
U0101,43,Metro/Bus,3584,0
U0102,27,E-Bike,4213,0
U0103,24,Metro/Bus,1880,0
U0104,27,Shuttle,3977,1
U0105,22,E-Bike,724,0
U0106,52,Shuttle,2416,0
U0107,45,Metro/Bus,768,0
U0108,41,Shuttle,2952,0
U0109,47,Shuttle,3050,0
U0110,27,E-Bike,2173,1
U0111,30,E-Bike,3523,0
U0112,25,E-Bike,4278,1
U0113,43,Metro/Bus,2338,1
U0114,49,Metro/Bus,1730,0
U0115,38,E-Bike,2613,0
U0116,27,E-Bike,1092,0
U0117,50,E-Bike,3575,0
U0118,44,Metro/Bus,4810,0
U0119,36,E-Bike,4778,0
U0120,20,Shuttle,439,0
U0121,46,E-Bike,2282,0
U0122,20,E-Bike,4007,0
U0123,30,E-Bike,4991,0
U0124,48,E-Bike,4947,0
U0125,46,Metro/Bus,4920,0
U0126,53,Metro/Bus,3323,0
U0127,29,Shuttle,807,0
U0128,34,E-Bike,1488,0
U0129,49,E-Bike,3311,0
U0130,39,Metro/Bus,430,0
U0131,28,Metro/Bus,3215,0
U0132,27,Shuttle,3411,0
U0133,39,Metro/Bus,4590,0
U0134,18,Metro/Bus,3464,1
U0135,49,E-Bike,4106,0
U0136,53,E-Bike,3446,0
U0137,54,E-Bike,1338,0
U0138,28,Shuttle,3298,0
U0139,29,E-Bike,4693,0
U0140,29,E-Bike,3230,0
U0141,28,E-Bike,3783,0
U0142,50,Metro/Bus,3949,1
U0143,18,Metro/Bus,4818,0
U0144,50,E-Bike,546,0
U0145,27,Shuttle,1093,0
U0146,39,Metro/Bus,4878,0
U0147,42,E-Bike,3329,0
U0148,34,E-Bike,2058,0
U0149,49,E-Bike,1552,0
U0150,55,E-Bike,3730,0
U0151,23,Metro/Bus,2416,0
U0152,18,E-Bike,4882,0
U0153,54,Shuttle,1890,0
U0154,51,E-Bike,581,0
U0155,44,Metro/Bus,4269,0
U0156,25,Metro/Bus,881,1
U0157,52,E-Bike,2012,0
U0158,21,Metro/Bus,3956,0
U0159,22,Metro/Bus,2933,0
U0160,42,E-Bike,3786,0
U0161,19,E-Bike,1733,0
U0162,30,E-Bike,3847,0
U0163,33,E-Bike,3460,1
U0164,37,Metro/Bus,3043,0
U0165,51,Metro/Bus,3068,0
U0166,33,E-Bike,3201,0
U0167,47,E-Bike,49,0
U0168,51,E-Bike,4607,0
U0169,30,Metro/Bus,4056,0
U0170,22,Metro/Bus,4442,0
U0171,33,Metro/Bus,476,0
U0172,55,Metro/Bus,321,0
U0173,34,E-Bike,3210,0
U0174,53,E-Bike,4933,1
U0175,51,Shuttle,1074,0
U0176,31,Shuttle,2825,0
U0177,20,E-Bike,4878,1
U0178,40,E-Bike,3202,0
U0179,27,E-Bike,1687,0
U0180,31,E-Bike,337,0
U0181,35,Metro/Bus,2560,0
U0182,45,E-Bike,248,0
U0183,53,Metro/Bus,2254,0
U0184,49,Metro/Bus,2545,0
U0185,39,E-Bike,3801,0
U0186,25,Metro/Bus,4621,0
U0187,41,E-Bike,2380,0
U0188,28,Metro/Bus,3426,0
U0189,20,E-Bike,2018,0
U0190,40,E-Bike,1871,0
U0191,40,Metro/Bus,155,0
U0192,32,E-Bike,414,0
U0193,40,Metro/Bus,2286,0
U0194,46,E-Bike,2861,0
U0195,30,E-Bike,736,0
U0196,42,Metro/Bus,1111,0
U0197,27,E-Bike,650,1
U0198,21,E-Bike,919,1
U0199,49,Metro/Bus,58,0
U0200,29,Shuttle,760,0
U0201,42,Metro/Bus,236,0
U0202,32,Metro/Bus,710,0
U0203,29,E-Bike,1810,0
U0204,23,Metro/Bus,2091,0
U0205,27,Metro/Bus,2002,0
U0206,25,E-Bike,2627,0
U0207,49,Metro/Bus,299,0
U0208,44,Metro/Bus,3668,0
U0209,44,E-Bike,574,0
U0210,46,Shuttle,1478,0
U0211,22,E-Bike,4405,0
U0212,18,Shuttle,2092,0
U0213,20,E-Bike,4614,0
U0214,19,E-Bike,268,0
U0215,54,E-Bike,59,0
U0216,40,Shuttle,74,0
U0217,50,Shuttle,2099,0
U0218,35,Shuttle,3378,0
U0219,51,Shuttle,3168,1
U0220,19,E-Bike,3146,0
U0221,40,Shuttle,2732,0
U0222,42,Shuttle,3468,0
U0223,26,E-Bike,2753,0
U0224,22,Metro/Bus,1057,0
U0225,18,Metro/Bus,4676,0
U0226,54,E-Bike,577,0
U0227,18,E-Bike,1423,0
U0228,26,E-Bike,3491,0
U0229,21,Metro/Bus,4935,0
U0230,27,E-Bike,4197,1
U0231,21,Metro/Bus,2421,1
U0232,27,E-Bike,1604,0
U0233,19,E-Bike,2014,0
U0234,41,Metro/Bus,2018,0
U0235,32,E-Bike,1054,1
U0236,41,Metro/Bus,299,0
U0237,43,Metro/Bus,1495,0
U0238,30,Metro/Bus,675,0
U0239,48,E-Bike,4304,0
U0240,24,E-Bike,1324,0
U0241,40,Metro/Bus,1960,0
U0242,33,Metro/Bus,2725,0
U0243,46,E-Bike,1697,0
U0244,53,Metro/Bus,2575,0
U0245,37,E-Bike,876,0
U0246,20,E-Bike,872,0
U0247,37,Metro/Bus,4227,0
U0248,50,E-Bike,4883,0
U0249,31,E-Bike,4252,0
U0250,28,Shuttle,3950,0
U0251,32,Shuttle,345,0
U0252,53,Metro/Bus,3844,0
U0253,48,E-Bike,1220,1
U0254,25,Shuttle,3169,0
U0255,45,Metro/Bus,3712,0
U0256,29,Metro/Bus,2931,0
U0257,41,Shuttle,3050,0
U0258,25,E-Bike,1027,0
U0259,29,E-Bike,811,0
U0260,33,Metro/Bus,423,0
U0261,20,Metro/Bus,3080,0
U0262,43,Shuttle,2268,0
U0263,30,E-Bike,1489,0
U0264,23,E-Bike,1350,1
U0265,28,Metro/Bus,1303,0
U0266,30,E-Bike,4442,0
U0267,29,Shuttle,4062,0
U0268,18,E-Bike,4086,0
U0269,48,E-Bike,397,0
U0270,27,E-Bike,4736,0
U0271,49,Metro/Bus,3392,0
U0272,19,Shuttle,2352,0
U0273,33,E-Bike,1822,0
U0274,32,Metro/Bus,356,0
U0275,49,Shuttle,3973,0
U0276,53,Metro/Bus,4481,0
U0277,37,Shuttle,4089,0
U0278,47,Shuttle,255,0
U0279,54,Metro/Bus,4605,0
U0280,55,Shuttle,4133,0
U0281,52,Shuttle,1909,0
U0282,18,Shuttle,2018,0
U0283,37,Shuttle,3781,0
U0284,37,E-Bike,3963,1
U0285,40,Metro/Bus,2546,0
U0286,53,Metro/Bus,233,1
U0287,38,E-Bike,974,0
U0288,28,Shuttle,1548,0
U0289,42,E-Bike,36,1
U0290,36,Shuttle,1302,0
U0291,45,E-Bike,2488,0
U0292,34,Metro/Bus,1270,0
U0293,46,Metro/Bus,4735,0
U0294,22,Metro/Bus,3001,0
U0295,49,E-Bike,647,0
U0296,44,Metro/Bus,3173,1
U0297,47,E-Bike,1761,0
U0298,20,E-Bike,4898,0
U0299,45,Metro/Bus,1778,0
U0300,40,E-Bike,2562,0
U0301,46,Metro/Bus,3173,0
U0302,28,Metro/Bus,1011,1
U0303,51,E-Bike,2460,0
U0304,44,E-Bike,3276,0
U0305,30,E-Bike,3173,0
U0306,42,Metro/Bus,4918,0
U0307,20,Metro/Bus,3983,1
U0308,22,Metro/Bus,1020,0
U0309,23,Metro/Bus,596,0
U0310,34,Shuttle,2485,0
U0311,33,E-Bike,3033,0
U0312,30,E-Bike,1540,1
U0313,46,Shuttle,695,0
U0314,41,Metro/Bus,983,0
U0315,29,Metro/Bus,770,0
U0316,52,E-Bike,105,1
U0317,46,E-Bike,1229,1
U0318,51,E-Bike,2731,0
U0319,22,Metro/Bus,1425,0
U0320,32,E-Bike,4869,0
U0321,22,E-Bike,2107,1
U0322,24,E-Bike,101,1
U0323,38,E-Bike,1196,0
U0324,30,E-Bike,3645,0
U0325,53,E-Bike,1520,0
U0326,47,Shuttle,4740,0
U0327,28,Metro/Bus,2914,0
U0328,36,E-Bike,2133,0
U0329,40,E-Bike,1881,0
U0330,26,Shuttle,4523,0
U0331,36,E-Bike,1755,0
U0332,49,Metro/Bus,319,0
U0333,22,E-Bike,4137,0
U0334,39,Metro/Bus,1997,0
U0335,49,Shuttle,1187,0
U0336,44,E-Bike,3083,0
U0337,47,Metro/Bus,2317,0
U0338,29,Shuttle,467,0
U0339,55,E-Bike,894,0
U0340,18,E-Bike,3232,0
U0341,25,Metro/Bus,3824,0
U0342,31,Metro/Bus,3006,0
U0343,23,Shuttle,4184,0
U0344,26,E-Bike,3145,0
U0345,50,Shuttle,4630,0
U0346,52,E-Bike,1053,0
U0347,44,Shuttle,3553,0
U0348,38,Shuttle,263,0
U0349,35,Metro/Bus,447,0
U0350,47,E-Bike,3212,0
U0351,53,E-Bike,1054,0
U0352,22,E-Bike,3882,0
U0353,31,Metro/Bus,1202,0
U0354,51,Metro/Bus,3376,0
U0355,36,Shuttle,3237,0
U0356,20,E-Bike,405,0
U0357,34,E-Bike,4900,0
U0358,50,E-Bike,4406,1
U0359,21,Metro/Bus,3155,0
U0360,35,E-Bike,2931,0
U0361,22,E-Bike,2931,0
U0362,36,E-Bike,537,1
U0363,26,E-Bike,1575,0
U0364,31,Shuttle,521,0
U0365,23,Metro/Bus,1148,0
U0366,21,Metro/Bus,1577,0
U0367,49,Shuttle,3198,0
U0368,19,E-Bike,3784,1
U0369,55,Metro/Bus,4053,0
U0370,52,Metro/Bus,698,0
U0371,44,Metro/Bus,4351,0
U0372,37,E-Bike,4998,1
U0373,49,Shuttle,1102,0
U0374,19,Shuttle,4647,0
U0375,37,E-Bike,3354,0
U0376,49,E-Bike,4291,0
U0377,51,Shuttle,1244,0
U0378,36,E-Bike,2727,1
U0379,19,E-Bike,1216,0
U0380,36,E-Bike,1848,0
U0381,52,Metro/Bus,793,0
U0382,53,Metro/Bus,3705,0
U0383,35,Shuttle,404,0
U0384,31,Metro/Bus,3971,0
U0385,18,E-Bike,3197,0
U0386,38,E-Bike,4883,0
U0387,35,Shuttle,4940,0
U0388,37,E-Bike,393,0
U0389,27,Shuttle,2219,0
U0390,43,E-Bike,4403,1
U0391,51,E-Bike,2790,1
U0392,29,Metro/Bus,3248,1
U0393,41,E-Bike,3271,0
U0394,28,E-Bike,4197,0
U0395,36,E-Bike,1847,0
U0396,54,E-Bike,494,0
U0397,28,E-Bike,3379,0
U0398,20,E-Bike,765,0
U0399,23,Shuttle,4277,0
U0400,50,E-Bike,3269,1
U0401,54,E-Bike,714,0
U0402,18,Metro/Bus,652,0
U0403,53,E-Bike,3472,0
U0404,49,E-Bike,1520,0
U0405,47,E-Bike,309,0
U0406,19,Metro/Bus,1074,0
U0407,21,E-Bike,2671,0
U0408,24,E-Bike,3114,0
U0409,33,Metro/Bus,1458,1
U0410,45,Shuttle,2986,0
U0411,43,E-Bike,2561,0
U0412,50,E-Bike,841,0
U0413,28,E-Bike,2251,0
U0414,42,Shuttle,62,0
U0415,50,Metro/Bus,636,0
U0416,29,Metro/Bus,2996,0
U0417,44,Shuttle,735,0
U0418,49,E-Bike,3357,1
U0419,53,Shuttle,2987,0
U0420,32,Metro/Bus,3637,0
U0421,25,E-Bike,3857,0
U0422,20,E-Bike,4159,0
U0423,39,Metro/Bus,4743,0
U0424,44,Shuttle,14,0
U0425,44,Metro/Bus,4538,0
U0426,29,Metro/Bus,1695,0
U0427,20,Metro/Bus,2314,0
U0428,28,Metro/Bus,1471,0
U0429,34,E-Bike,875,0
U0430,35,Shuttle,499,0
U0431,46,E-Bike,1299,0
U0432,37,E-Bike,2619,0
U0433,26,Metro/Bus,2218,0
U0434,41,E-Bike,3763,0
U0435,45,E-Bike,1123,0
U0436,42,E-Bike,2154,0
U0437,53,E-Bike,3252,1
U0438,20,Metro/Bus,4966,0
U0439,27,Shuttle,579,0
U0440,39,E-Bike,2407,0
U0441,21,E-Bike,2718,1
U0442,30,E-Bike,1262,0
U0443,30,Metro/Bus,1040,0
U0444,47,Metro/Bus,4754,0
U0445,45,E-Bike,3753,0
U0446,33,E-Bike,2087,0
U0447,43,Metro/Bus,500,0
U0448,29,E-Bike,4512,0
U0449,55,Metro/Bus,4742,0
U0450,49,E-Bike,2608,0
U0451,40,Metro/Bus,2685,1
U0452,38,E-Bike,119,0
U0453,43,E-Bike,2759,1
U0454,33,Metro/Bus,467,0
U0455,47,E-Bike,1564,0
U0456,25,Metro/Bus,4632,0
U0457,49,E-Bike,1796,0
U0458,23,E-Bike,3532,0
U0459,48,E-Bike,1130,0
U0460,36,E-Bike,3025,0
U0461,37,Metro/Bus,2327,0
U0462,29,E-Bike,1414,0
U0463,30,Metro/Bus,451,1
U0464,33,Metro/Bus,595,0
U0465,20,E-Bike,1834,1
U0466,26,E-Bike,2502,0
U0467,30,Shuttle,2542,0
U0468,24,E-Bike,2986,0
U0469,52,E-Bike,580,0
U0470,53,Shuttle,2843,0
U0471,23,Metro/Bus,3868,0
U0472,23,Metro/Bus,164,0
U0473,30,E-Bike,4044,0
U0474,46,Metro/Bus,4924,0
U0475,18,Metro/Bus,4835,0
U0476,43,E-Bike,32,0
U0477,25,E-Bike,121,0
U0478,25,E-Bike,1545,0
U0479,20,E-Bike,1056,0
U0480,44,Metro/Bus,2412,0
U0481,51,E-Bike,382,0
U0482,36,E-Bike,1450,0
U0483,55,Metro/Bus,1986,0
U0484,37,Metro/Bus,3493,1
U0485,33,Metro/Bus,815,0
U0486,44,Metro/Bus,4749,1
U0487,18,Metro/Bus,3101,0
U0488,31,E-Bike,1446,0
U0489,40,E-Bike,841,0
U0490,50,E-Bike,156,0
U0491,54,Shuttle,4843,0
U0492,23,E-Bike,2832,0
U0493,43,Metro/Bus,3687,0
U0494,20,Shuttle,4124,0
U0495,21,Shuttle,3546,1
U0496,47,Metro/Bus,4270,0
U0497,33,E-Bike,1646,0
U0498,22,Shuttle,3315,0
U0499,22,Metro/Bus,474,0
U0500,35,E-Bike,3799,0
U0501,47,E-Bike,3872,1
U0502,48,Metro/Bus,367,0
U0503,45,Metro/Bus,139,0
U0504,42,Metro/Bus,3950,0
U0505,46,Shuttle,403,0
U0506,32,E-Bike,3601,0
U0507,39,E-Bike,1041,0
U0508,27,Metro/Bus,2339,0
U0509,39,E-Bike,1840,0
U0510,38,Shuttle,4069,1
U0511,21,Metro/Bus,2553,0
U0512,36,Metro/Bus,4281,0
U0513,42,E-Bike,2044,0
U0514,51,Shuttle,1499,0
U0515,35,E-Bike,4869,0
U0516,55,E-Bike,3158,0
U0517,27,Metro/Bus,645,0
U0518,26,E-Bike,431,0
U0519,38,Shuttle,4636,0
U0520,45,Metro/Bus,2021,0
U0521,37,E-Bike,4467,0
U0522,25,Metro/Bus,2675,1
U0523,38,E-Bike,2,0
U0524,47,Shuttle,2173,0
U0525,30,E-Bike,86,1
U0526,48,E-Bike,3895,0
U0527,46,E-Bike,1524,0
U0528,31,E-Bike,3642,0
U0529,38,E-Bike,2025,0
U0530,33,E-Bike,2523,0
U0531,31,Shuttle,487,0
U0532,41,Metro/Bus,745,0
U0533,41,Shuttle,3783,0
U0534,27,Shuttle,2183,1
U0535,21,Metro/Bus,64,0
U0536,22,E-Bike,4166,0
U0537,26,Metro/Bus,348,0
U0538,39,E-Bike,459,0
U0539,19,E-Bike,2285,0
U0540,24,Shuttle,51,0
U0541,51,Shuttle,3128,0
U0542,21,Metro/Bus,2964,1
U0543,22,E-Bike,445,1
U0544,19,E-Bike,1590,0
U0545,30,E-Bike,2392,0
U0546,30,Shuttle,2354,1
U0547,30,E-Bike,3470,0
U0548,51,Metro/Bus,4587,0
U0549,40,Metro/Bus,2927,0
U0550,39,E-Bike,958,0
U0551,53,E-Bike,3276,0
U0552,52,Metro/Bus,2687,0
U0553,39,E-Bike,4064,0
U0554,33,Shuttle,532,0
U0555,43,Shuttle,3076,0
U0556,19,E-Bike,205,0
U0557,23,Shuttle,988,0
U0558,18,E-Bike,3578,0
U0559,36,E-Bike,4244,0
U0560,31,E-Bike,2215,0
U0561,28,Metro/Bus,632,0
U0562,25,E-Bike,4589,0
U0563,20,Shuttle,3611,0
U0564,47,Metro/Bus,3030,0
U0565,43,E-Bike,1529,0
U0566,20,E-Bike,4973,1
U0567,33,E-Bike,1835,0
U0568,31,Metro/Bus,1289,0
U0569,22,Shuttle,2146,1
U0570,43,Metro/Bus,135,0
U0571,28,Metro/Bus,3977,0
U0572,50,Metro/Bus,327,0
U0573,23,E-Bike,2056,1
U0574,40,Shuttle,3732,0
U0575,39,E-Bike,3916,0
U0576,41,E-Bike,3993,0
U0577,34,Metro/Bus,941,0
U0578,45,Metro/Bus,2024,0
U0579,36,E-Bike,241,1
U0580,44,E-Bike,4766,0
U0581,27,E-Bike,4303,0
U0582,22,E-Bike,2740,1
U0583,26,E-Bike,868,0
U0584,26,E-Bike,2427,1
U0585,38,E-Bike,1245,0
U0586,19,E-Bike,124,0
U0587,35,E-Bike,3392,0
U0588,37,Metro/Bus,303,0
U0589,48,E-Bike,4999,1
U0590,40,E-Bike,3377,1
U0591,40,Metro/Bus,1127,0
U0592,26,E-Bike,2067,0
U0593,55,E-Bike,4518,0
U0594,45,Shuttle,3233,0
U0595,30,E-Bike,1841,0
U0596,19,E-Bike,4141,0
U0597,19,E-Bike,3824,0
U0598,20,Metro/Bus,1436,0
U0599,48,E-Bike,4149,1
U0600,44,E-Bike,1661,1
U0601,49,E-Bike,1781,0
U0602,33,Shuttle,385,1
U0603,48,Shuttle,2137,0
U0604,26,Shuttle,666,1
U0605,22,E-Bike,3552,0
U0606,38,E-Bike,2719,0
U0607,44,Shuttle,1567,0
U0608,28,E-Bike,292,0
U0609,53,E-Bike,4946,0
U0610,24,E-Bike,710,1
U0611,53,Metro/Bus,2581,1
U0612,26,Metro/Bus,841,0
U0613,37,Metro/Bus,1001,1
U0614,22,Metro/Bus,3094,0
U0615,34,E-Bike,1252,0
U0616,22,E-Bike,3237,0
U0617,19,E-Bike,4894,1
U0618,41,Metro/Bus,3695,0
U0619,51,E-Bike,316,0
U0620,45,Shuttle,3698,1
U0621,23,E-Bike,2354,0
U0622,34,E-Bike,1053,0
U0623,48,Metro/Bus,1542,0
U0624,44,E-Bike,321,0
U0625,42,Shuttle,75,0
U0626,34,Metro/Bus,878,1
U0627,43,Metro/Bus,2207,0
U0628,54,Shuttle,3087,0
U0629,20,Shuttle,4586,0
U0630,43,E-Bike,1432,0
U0631,31,E-Bike,4439,0
U0632,19,E-Bike,3074,0
U0633,42,Metro/Bus,2471,0
U0634,50,E-Bike,4258,0
U0635,41,E-Bike,2121,0
U0636,47,E-Bike,189,0
U0637,29,E-Bike,4217,0
U0638,35,E-Bike,3248,0
U0639,53,Metro/Bus,1988,0
U0640,37,E-Bike,2590,0
U0641,23,E-Bike,34,0
U0642,19,E-Bike,4435,0
U0643,27,E-Bike,4176,0
U0644,45,E-Bike,320,0
U0645,45,Metro/Bus,1511,0
U0646,22,E-Bike,278,1
U0647,28,E-Bike,491,0
U0648,22,E-Bike,1575,1
U0649,18,Metro/Bus,3149,0
U0650,54,Metro/Bus,3789,0
U0651,40,Metro/Bus,4125,0
U0652,39,E-Bike,3916,0
U0653,36,E-Bike,870,0
U0654,18,E-Bike,4631,1
U0655,20,E-Bike,3672,0
U0656,55,Shuttle,4352,0
U0657,30,Shuttle,4049,0
U0658,53,E-Bike,3184,1
U0659,31,E-Bike,4869,0
U0660,27,E-Bike,2028,0
U0661,51,E-Bike,1212,0
U0662,22,Metro/Bus,4332,0
U0663,27,E-Bike,600,0
U0664,53,E-Bike,2040,1
U0665,26,Metro/Bus,2188,0
U0666,51,E-Bike,4859,0
U0667,52,Shuttle,1811,0
U0668,27,Metro/Bus,2690,0
U0669,55,E-Bike,4205,0
U0670,20,E-Bike,4452,0
U0671,45,E-Bike,1934,0
U0672,20,E-Bike,566,0
U0673,51,E-Bike,4798,0
U0674,50,E-Bike,4314,0
U0675,48,E-Bike,1975,0
U0676,40,Shuttle,3351,1
U0677,28,E-Bike,3087,0
U0678,50,E-Bike,2967,1
U0679,50,Metro/Bus,1227,0
U0680,54,E-Bike,1079,0
U0681,26,Metro/Bus,4653,1
U0682,53,E-Bike,3864,0
U0683,38,Shuttle,3372,0
U0684,37,E-Bike,2108,0
U0685,22,E-Bike,2918,0
U0686,49,E-Bike,2129,0
U0687,43,Metro/Bus,4977,0
U0688,53,Shuttle,1142,0
U0689,27,Metro/Bus,3664,1
U0690,20,E-Bike,770,0
U0691,43,Metro/Bus,2748,0
U0692,32,E-Bike,4746,0
U0693,24,E-Bike,1876,0
U0694,30,E-Bike,435,1
U0695,39,Metro/Bus,2600,0
U0696,30,Metro/Bus,1136,0
U0697,45,E-Bike,2711,1
U0698,47,E-Bike,3672,0
U0699,33,E-Bike,1850,0
U0700,47,Metro/Bus,2918,0
U0701,53,Shuttle,3836,0
U0702,47,Metro/Bus,2929,0
U0703,24,Shuttle,891,0
U0704,27,E-Bike,481,0
U0705,22,Metro/Bus,3949,0
U0706,49,E-Bike,2725,0
U0707,23,E-Bike,1735,0
U0708,34,Metro/Bus,367,0
U0709,20,Metro/Bus,4381,0
U0710,38,Shuttle,3980,0
U0711,32,Shuttle,3759,0
U0712,37,E-Bike,3649,0
U0713,23,Metro/Bus,1873,0
U0714,42,Metro/Bus,1421,0
U0715,27,E-Bike,4923,0
U0716,38,Metro/Bus,3653,0
U0717,48,Shuttle,2047,0
U0718,23,E-Bike,2692,0
U0719,55,E-Bike,3092,0
U0720,49,Metro/Bus,777,0
U0721,40,Shuttle,3787,0
U0722,23,Metro/Bus,4423,0
U0723,21,E-Bike,4972,1
U0724,27,Shuttle,3809,0
U0725,47,E-Bike,4519,0
U0726,25,E-Bike,1231,0
U0727,23,Shuttle,4104,0
U0728,22,Shuttle,2584,0
U0729,32,Metro/Bus,426,0
U0730,33,Metro/Bus,4299,0
U0731,29,E-Bike,1875,0
U0732,26,Shuttle,355,0
U0733,52,E-Bike,3349,0
U0734,24,E-Bike,2338,1
U0735,41,E-Bike,2830,1
U0736,43,E-Bike,4376,0
U0737,46,Metro/Bus,457,0
U0738,42,Metro/Bus,1895,0
U0739,32,Metro/Bus,925,1
U0740,32,E-Bike,4347,1
U0741,37,E-Bike,567,0
U0742,38,Metro/Bus,3475,0
U0743,44,Metro/Bus,116,0
U0744,54,Metro/Bus,556,0
U0745,45,E-Bike,903,0
U0746,34,Metro/Bus,379,0
U0747,23,E-Bike,1639,0
U0748,21,E-Bike,1876,0
U0749,30,E-Bike,3985,0
U0750,18,E-Bike,1578,0
U0751,29,E-Bike,1626,0
U0752,52,E-Bike,3721,0
U0753,33,E-Bike,98,0
U0754,40,E-Bike,2173,0
U0755,54,Shuttle,307,0
U0756,48,Metro/Bus,3801,0
U0757,44,E-Bike,3918,0
U0758,34,Shuttle,1082,0
U0759,26,Metro/Bus,597,0
U0760,25,Shuttle,3273,0
U0761,18,E-Bike,3002,0
U0762,23,E-Bike,4169,0
U0763,35,Metro/Bus,740,0
U0764,45,Shuttle,100,0
U0765,33,Metro/Bus,4313,0
U0766,47,E-Bike,3149,0
U0767,52,Shuttle,4353,0
U0768,42,E-Bike,1682,0
U0769,31,E-Bike,4161,0
U0770,45,E-Bike,179,0
U0771,21,E-Bike,4510,1
U0772,31,Metro/Bus,395,0
U0773,28,Metro/Bus,2170,0
U0774,35,Metro/Bus,762,0
U0775,26,Shuttle,1679,1
U0776,50,Metro/Bus,1995,0
U0777,49,Metro/Bus,810,0
U0778,41,Metro/Bus,4501,0
U0779,37,Shuttle,3664,0
U0780,26,E-Bike,3600,0
U0781,19,Shuttle,2554,0
U0782,37,Shuttle,1488,0
U0783,21,Metro/Bus,560,0
U0784,54,E-Bike,3193,0
U0785,47,E-Bike,4878,0
U0786,41,Metro/Bus,3841,0
U0787,23,E-Bike,1603,0
U0788,50,E-Bike,2889,0
U0789,46,E-Bike,748,0
U0790,21,Shuttle,1025,0
U0791,52,E-Bike,3343,1
U0792,53,E-Bike,4,1
U0793,24,E-Bike,2175,0
U0794,45,E-Bike,32,0
U0795,29,E-Bike,3078,0
U0796,45,Metro/Bus,1920,0
U0797,38,Metro/Bus,1484,1
U0798,31,E-Bike,4369,0
U0799,22,Shuttle,2552,0
U0800,27,E-Bike,349,0
U0801,32,E-Bike,4304,0
U0802,20,E-Bike,894,0
U0803,25,E-Bike,1898,0
U0804,33,Metro/Bus,2570,0
U0805,41,E-Bike,1012,0
U0806,30,Shuttle,950,0
U0807,32,E-Bike,62,0
U0808,53,Shuttle,517,1
U0809,45,E-Bike,2802,0
U0810,36,Metro/Bus,276,0
U0811,28,Metro/Bus,2020,0
U0812,55,Metro/Bus,1302,0
U0813,35,Metro/Bus,925,1
U0814,53,E-Bike,1089,0
U0815,37,Metro/Bus,3062,0
U0816,37,Shuttle,4792,0
U0817,19,Shuttle,2688,0
U0818,47,E-Bike,1136,0
U0819,39,E-Bike,3125,0
U0820,34,E-Bike,58,0
U0821,45,E-Bike,1056,0
U0822,21,Shuttle,750,0
U0823,53,Shuttle,2453,0
U0824,33,E-Bike,1208,1
U0825,19,Metro/Bus,3791,0
U0826,41,E-Bike,1090,1
U0827,27,E-Bike,1885,1
U0828,45,Metro/Bus,2780,0
U0829,27,Metro/Bus,1354,0
U0830,37,E-Bike,871,0
U0831,43,E-Bike,1759,1
U0832,46,Metro/Bus,1059,0
U0833,47,Shuttle,3584,0
U0834,51,Metro/Bus,3454,1
U0835,48,Shuttle,1089,0
U0836,51,Metro/Bus,4776,0
U0837,39,E-Bike,4334,0
U0838,42,E-Bike,2653,0
U0839,40,E-Bike,954,1
U0840,48,E-Bike,1053,0
U0841,32,E-Bike,3249,0
U0842,22,E-Bike,1168,0
U0843,50,E-Bike,4087,0
U0844,45,Metro/Bus,1060,0
U0845,32,Shuttle,3720,0
U0846,25,Shuttle,3696,0
U0847,22,Metro/Bus,1951,0
U0848,38,Shuttle,3348,0
U0849,39,Metro/Bus,2173,0
U0850,53,E-Bike,1232,0
U0851,44,E-Bike,2818,0
U0852,40,Shuttle,2351,0
U0853,49,E-Bike,4297,0
U0854,38,E-Bike,4326,0
U0855,45,E-Bike,629,0
U0856,18,Metro/Bus,611,1
U0857,36,E-Bike,4734,0
U0858,49,E-Bike,3687,0
U0859,41,E-Bike,1348,0
U0860,36,E-Bike,2025,0
U0861,36,E-Bike,684,0
U0862,18,E-Bike,806,0
U0863,45,E-Bike,763,0
U0864,27,E-Bike,2233,0
U0865,43,E-Bike,3725,0
U0866,36,E-Bike,2521,0
U0867,36,Metro/Bus,3674,0
U0868,29,Shuttle,1543,0
U0869,48,E-Bike,2153,1
U0870,24,Shuttle,1083,0
U0871,43,E-Bike,4256,0
U0872,35,Metro/Bus,3713,0
U0873,18,E-Bike,4336,0
U0874,18,Metro/Bus,3427,1
U0875,28,E-Bike,4034,0
U0876,44,Shuttle,2501,0
U0877,38,Metro/Bus,3954,0
U0878,49,E-Bike,1030,1
U0879,41,Metro/Bus,1654,0
U0880,33,Shuttle,2325,0
U0881,55,Metro/Bus,3324,0
U0882,21,Metro/Bus,2770,1
U0883,28,Metro/Bus,2794,0
U0884,54,E-Bike,2159,0
U0885,36,Shuttle,3225,0
U0886,51,E-Bike,264,0
U0887,35,E-Bike,1585,0
U0888,35,E-Bike,1596,0
U0889,28,E-Bike,3260,1
U0890,32,Metro/Bus,3057,0
U0891,50,E-Bike,2333,0
U0892,26,Metro/Bus,4576,0
U0893,46,Shuttle,4898,1
U0894,19,E-Bike,3433,0
U0895,31,E-Bike,3667,1
U0896,24,E-Bike,2655,0
U0897,32,E-Bike,493,0
U0898,51,E-Bike,2753,0
U0899,48,E-Bike,4747,0
U0900,50,Shuttle,2161,0
U0901,55,Metro/Bus,3306,0
U0902,29,Metro/Bus,2980,0
U0903,18,Metro/Bus,45,0
U0904,27,Metro/Bus,3279,0
U0905,37,Shuttle,2028,1
U0906,36,Metro/Bus,2500,0
U0907,53,E-Bike,425,0
U0908,55,Shuttle,3953,0
U0909,33,Metro/Bus,2876,0
U0910,26,E-Bike,3203,0
U0911,36,Metro/Bus,3246,0
U0912,43,Metro/Bus,4702,0
U0913,40,E-Bike,1607,1
U0914,45,Shuttle,1385,0
U0915,34,E-Bike,1872,0
U0916,31,E-Bike,916,1
U0917,28,E-Bike,1007,0
U0918,28,E-Bike,3495,0
U0919,35,E-Bike,4278,1
U0920,37,E-Bike,3899,0
U0921,39,E-Bike,3628,0
U0922,19,E-Bike,4440,0
U0923,54,E-Bike,50,0
U0924,25,Shuttle,381,1
U0925,22,E-Bike,3442,0
U0926,18,E-Bike,114,0
U0927,18,Metro/Bus,4010,0
U0928,32,Shuttle,2524,0
U0929,21,Metro/Bus,1461,0
U0930,32,Metro/Bus,3351,0
U0931,50,E-Bike,4307,0
U0932,23,E-Bike,2523,0
U0933,32,E-Bike,1069,0
U0934,42,E-Bike,2985,0
U0935,47,Metro/Bus,3825,0
U0936,32,E-Bike,3445,0
U0937,43,Shuttle,815,0
U0938,20,Shuttle,677,0
U0939,20,E-Bike,3837,0
U0940,26,Shuttle,2530,0
U0941,50,Metro/Bus,2238,0
U0942,33,E-Bike,3130,0
U0943,53,Metro/Bus,1445,1
U0944,55,Metro/Bus,2420,0
U0945,32,E-Bike,829,0
U0946,32,Metro/Bus,553,0
U0947,18,E-Bike,533,0
U0948,52,Shuttle,639,0
U0949,48,Shuttle,1496,0
U0950,34,Metro/Bus,1117,1
U0951,53,Shuttle,604,0
U0952,36,E-Bike,3557,0
U0953,22,E-Bike,3228,0
U0954,41,E-Bike,917,0
U0955,25,E-Bike,3434,0
U0956,44,Shuttle,3833,0
U0957,28,Shuttle,303,0
U0958,40,Metro/Bus,214,1
U0959,51,Shuttle,1546,0
U0960,51,Shuttle,1173,0
U0961,53,E-Bike,75,0
U0962,53,E-Bike,3240,0
U0963,40,E-Bike,2670,0
U0964,18,Metro/Bus,2360,0
U0965,43,E-Bike,4032,0
U0966,46,Metro/Bus,1585,0
U0967,47,E-Bike,1685,0
U0968,28,Metro/Bus,2414,0
U0969,47,Metro/Bus,4457,0
U0970,51,Metro/Bus,3574,0
U0971,45,E-Bike,1225,0
U0972,41,Metro/Bus,4709,0
U0973,45,Metro/Bus,4147,0
U0974,46,E-Bike,946,1
U0975,42,E-Bike,1407,1
U0976,38,Shuttle,1489,0
U0977,42,Metro/Bus,3561,0
U0978,22,E-Bike,4549,0
U0979,27,Metro/Bus,2577,0
U0980,35,Shuttle,2379,0
U0981,27,Metro/Bus,2177,0
U0982,37,Metro/Bus,2326,0
U0983,35,Shuttle,2781,0
U0984,19,Metro/Bus,1636,0
U0985,35,E-Bike,4321,0
U0986,18,Metro/Bus,3689,0
U0987,51,Metro/Bus,2020,0
U0988,51,Metro/Bus,3951,0
U0989,25,E-Bike,2101,0
U0990,51,Shuttle,2610,0
U0991,39,E-Bike,964,0
U0992,37,E-Bike,1756,0
U0993,38,Shuttle,3847,0
U0994,25,Metro/Bus,4496,0
U0995,35,E-Bike,454,0
U0996,23,Shuttle,169,0
U0997,39,Metro/Bus,3438,1
U0998,39,Shuttle,4395,0
U0999,45,Shuttle,855,0
U1000,37,Metro/Bus,2082,0
U1001,27,E-Bike,2900,0
U1002,52,E-Bike,3649,0
U1003,43,Shuttle,2901,0
U1004,22,Shuttle,3002,0
U1005,42,Metro/Bus,1497,0
U1006,26,Shuttle,1360,0
U1007,32,E-Bike,3932,0
U1008,20,Metro/Bus,4588,0
U1009,39,E-Bike,466,0
U1010,24,E-Bike,3280,0
U1011,42,Metro/Bus,1710,0
U1012,55,Shuttle,546,0
U1013,44,E-Bike,4370,0
U1014,39,Metro/Bus,3215,0
U1015,28,Metro/Bus,3472,0
U1016,38,E-Bike,1325,0
U1017,26,E-Bike,70,1
U1018,49,E-Bike,1608,0
U1019,48,E-Bike,3924,0
U1020,54,E-Bike,2614,0
U1021,43,E-Bike,1375,0
U1022,51,Shuttle,562,0
U1023,55,E-Bike,4281,0
U1024,26,E-Bike,1316,0
U1025,50,E-Bike,1305,0
U1026,53,E-Bike,4539,0
U1027,41,Metro/Bus,34,1
U1028,55,Shuttle,282,0
U1029,43,E-Bike,4764,0
U1030,19,Shuttle,4897,0
U1031,34,Shuttle,3356,0
U1032,22,E-Bike,1854,0
U1033,21,E-Bike,1464,0
U1034,29,Shuttle,1770,0
U1035,20,E-Bike,922,1
U1036,22,Shuttle,787,0
U1037,33,Metro/Bus,1572,0
U1038,29,Shuttle,4420,0
U1039,24,E-Bike,1413,0
U1040,37,E-Bike,2524,0
U1041,31,E-Bike,617,0
U1042,48,E-Bike,4460,0
U1043,26,Metro/Bus,4170,0
U1044,50,Shuttle,4841,1
U1045,55,Metro/Bus,2969,0
U1046,32,Metro/Bus,203,0
U1047,50,E-Bike,611,0
U1048,48,E-Bike,2385,0
U1049,19,E-Bike,2606,1
U1050,40,Metro/Bus,4585,0
U1051,25,E-Bike,3081,0
U1052,45,E-Bike,3091,0
U1053,35,Metro/Bus,4718,0
U1054,47,E-Bike,4284,0
U1055,26,Shuttle,1778,0
U1056,52,E-Bike,4504,1
U1057,36,E-Bike,3520,0
U1058,44,E-Bike,1399,1
U1059,25,E-Bike,2292,0
U1060,28,E-Bike,3285,0
U1061,29,Metro/Bus,545,0
U1062,18,E-Bike,4242,0
U1063,32,E-Bike,2173,0
U1064,49,E-Bike,3,0
U1065,36,E-Bike,2719,0
U1066,49,Metro/Bus,646,0
U1067,24,Metro/Bus,444,0
U1068,28,Metro/Bus,4869,0
U1069,37,E-Bike,4736,1
U1070,45,E-Bike,1126,0
U1071,33,Metro/Bus,3725,1
U1072,27,E-Bike,4880,0
U1073,39,E-Bike,813,0
U1074,36,E-Bike,4919,0
U1075,49,Metro/Bus,1777,0
U1076,29,E-Bike,4479,1
U1077,48,Metro/Bus,2346,0
U1078,46,E-Bike,937,1
U1079,45,E-Bike,1852,1
U1080,31,Shuttle,2222,0
U1081,46,Metro/Bus,3442,0
U1082,26,Metro/Bus,2998,0
U1083,38,E-Bike,228,0
U1084,28,E-Bike,595,0
U1085,35,E-Bike,3499,0
U1086,38,Shuttle,3978,0
U1087,49,E-Bike,4635,0
U1088,50,E-Bike,1954,0
U1089,46,Metro/Bus,4788,1
U1090,22,E-Bike,51,0
U1091,43,E-Bike,1143,0
U1092,46,E-Bike,2409,0
U1093,36,Shuttle,2341,0
U1094,30,E-Bike,32,0
U1095,53,Metro/Bus,1108,0
U1096,18,Shuttle,3159,0
U1097,46,Shuttle,2102,1
U1098,24,E-Bike,768,0
U1099,36,E-Bike,3143,0
U1100,32,E-Bike,2657,0
U1101,32,Metro/Bus,4312,0
U1102,33,E-Bike,1276,0
U1103,22,E-Bike,3667,0
U1104,52,E-Bike,3261,0
U1105,52,E-Bike,526,0
U1106,31,E-Bike,4900,0
U1107,32,E-Bike,623,0
U1108,28,Shuttle,374,0
U1109,36,Metro/Bus,1509,0
U1110,44,Metro/Bus,4078,1
U1111,20,E-Bike,4562,0
U1112,27,Metro/Bus,2832,0
U1113,28,E-Bike,4358,0
U1114,35,Metro/Bus,4832,0
U1115,27,E-Bike,4774,1
U1116,49,Metro/Bus,627,0
U1117,36,Metro/Bus,1204,0
U1118,37,E-Bike,2124,0
U1119,29,Shuttle,4339,0
U1120,35,E-Bike,3209,0
U1121,47,E-Bike,2622,1
U1122,52,E-Bike,659,0
U1123,42,Metro/Bus,2554,0
U1124,55,Shuttle,1764,0
U1125,39,E-Bike,1543,0
U1126,23,Metro/Bus,4925,0
U1127,26,Metro/Bus,3423,0
U1128,20,Metro/Bus,2877,0
U1129,35,Metro/Bus,28,0
U1130,37,E-Bike,1139,1
U1131,51,E-Bike,231,0
U1132,43,E-Bike,171,0
U1133,34,Metro/Bus,1151,0
U1134,46,E-Bike,151,0
U1135,21,E-Bike,560,0
U1136,42,Shuttle,2860,0
U1137,44,E-Bike,3015,0
U1138,50,Metro/Bus,1775,0
U1139,53,Metro/Bus,4609,0
U1140,26,E-Bike,2995,0
U1141,32,Shuttle,4805,0
U1142,21,E-Bike,1746,0
U1143,48,Shuttle,724,0
U1144,22,Metro/Bus,3506,0
U1145,27,Metro/Bus,1944,0
U1146,52,E-Bike,3227,1
U1147,23,Metro/Bus,3559,0
U1148,55,Shuttle,221,0
U1149,34,Metro/Bus,4762,0
U1150,32,Shuttle,149,0
U1151,50,Shuttle,811,0
U1152,55,E-Bike,925,1
U1153,26,Metro/Bus,4501,0
U1154,31,Shuttle,397,0
U1155,46,Metro/Bus,4939,0
U1156,40,E-Bike,2744,0
U1157,55,E-Bike,804,0
U1158,24,Metro/Bus,2775,0
U1159,35,E-Bike,4662,0
U1160,50,Shuttle,2075,0
U1161,24,Metro/Bus,1702,0
U1162,18,E-Bike,430,0
U1163,44,E-Bike,1292,0
U1164,33,Shuttle,3594,0
U1165,36,Metro/Bus,66,0
U1166,22,Metro/Bus,2839,0
U1167,32,E-Bike,4521,0
U1168,29,Shuttle,3001,0
U1169,42,E-Bike,3950,0
U1170,19,Shuttle,1586,1
U1171,47,E-Bike,562,0
U1172,19,E-Bike,3708,1
U1173,41,E-Bike,3438,0
U1174,50,E-Bike,2205,0
U1175,23,Metro/Bus,634,0
U1176,25,Metro/Bus,57,1
U1177,46,Shuttle,1697,0
U1178,41,Metro/Bus,3943,0
U1179,32,E-Bike,2983,0
U1180,26,E-Bike,1312,1
U1181,46,E-Bike,2574,0
U1182,44,Metro/Bus,4717,0
U1183,27,E-Bike,4189,0
U1184,49,E-Bike,4935,0
U1185,31,Metro/Bus,4930,0
U1186,29,E-Bike,2172,0
U1187,27,Metro/Bus,4998,1
U1188,38,E-Bike,943,0
U1189,29,Metro/Bus,791,0
U1190,27,E-Bike,2862,0
U1191,51,E-Bike,1300,1
U1192,43,E-Bike,2809,0
U1193,27,E-Bike,3620,0
U1194,34,E-Bike,1683,0
U1195,30,Metro/Bus,4588,0
U1196,43,Metro/Bus,1373,0
U1197,55,E-Bike,4969,0
U1198,32,Metro/Bus,1947,0
U1199,21,Metro/Bus,1148,0
U1200,41,E-Bike,3895,0
U1201,26,E-Bike,2568,0
U1202,38,Metro/Bus,2117,1
U1203,50,Metro/Bus,2917,0
U1204,22,Metro/Bus,4030,1
U1205,47,E-Bike,348,0
U1206,55,E-Bike,4696,0
U1207,42,Shuttle,1905,1
U1208,45,Metro/Bus,2290,0
U1209,46,Shuttle,2922,0
U1210,19,E-Bike,4890,0
U1211,37,Metro/Bus,2947,0
U1212,25,Metro/Bus,1612,0
U1213,29,Metro/Bus,894,0
U1214,23,Shuttle,4165,0
U1215,18,E-Bike,2907,0
U1216,20,Metro/Bus,1748,0
U1217,32,Shuttle,2125,0
U1218,32,Metro/Bus,2741,0
U1219,18,E-Bike,2240,0
U1220,38,E-Bike,4410,1
U1221,22,E-Bike,53,0
U1222,38,Metro/Bus,458,0
U1223,31,E-Bike,4359,0
U1224,53,E-Bike,1615,0
U1225,18,E-Bike,1495,0
U1226,22,E-Bike,3397,1
U1227,40,E-Bike,1699,0
U1228,18,Metro/Bus,521,0
U1229,24,Metro/Bus,4251,0
U1230,55,E-Bike,4547,0
U1231,43,E-Bike,4279,0
U1232,30,Shuttle,176,0
U1233,40,E-Bike,4166,0
U1234,55,Shuttle,1621,1
U1235,37,Shuttle,4276,0
U1236,39,E-Bike,1723,0
U1237,52,E-Bike,3314,0
U1238,47,Shuttle,1173,0
U1239,46,E-Bike,4980,0
U1240,55,E-Bike,860,0
U1241,38,Metro/Bus,2956,0
U1242,33,Metro/Bus,1999,0
U1243,49,E-Bike,4722,0
U1244,42,Metro/Bus,4084,0
U1245,51,Metro/Bus,4448,0
U1246,46,E-Bike,2815,0
U1247,44,E-Bike,4777,0
U1248,53,Shuttle,1059,0
U1249,36,E-Bike,4531,0
U1250,20,Metro/Bus,2244,1
U1251,42,Shuttle,4195,1
U1252,33,E-Bike,2520,0
U1253,20,Metro/Bus,2,0
U1254,43,E-Bike,978,0
U1255,30,E-Bike,1317,0
U1256,31,Metro/Bus,3121,0
U1257,43,E-Bike,576,0
U1258,42,Shuttle,2429,0
U1259,31,Metro/Bus,2538,0
U1260,50,Metro/Bus,2659,0
U1261,51,Metro/Bus,2150,0
U1262,20,E-Bike,998,0
U1263,32,E-Bike,1939,0
U1264,23,Metro/Bus,3517,0
U1265,20,E-Bike,4805,1
U1266,26,Metro/Bus,1234,0
U1267,52,E-Bike,264,0
U1268,22,E-Bike,3987,1
U1269,45,Metro/Bus,3380,0
U1270,40,Shuttle,1798,0
U1271,21,E-Bike,4209,0
U1272,33,Metro/Bus,904,0
U1273,51,Metro/Bus,1722,0
U1274,45,Shuttle,3296,0
U1275,42,Shuttle,906,0
U1276,25,Metro/Bus,770,0
U1277,48,Metro/Bus,362,0
U1278,38,E-Bike,1532,0
U1279,31,E-Bike,1522,0
U1280,55,E-Bike,787,0
U1281,21,E-Bike,1008,0
U1282,24,E-Bike,2262,0
U1283,47,Shuttle,1088,0
U1284,21,E-Bike,4518,0
U1285,27,E-Bike,2684,0
U1286,27,Shuttle,1577,0
U1287,48,E-Bike,560,0
U1288,44,Metro/Bus,3684,0
U1289,38,E-Bike,3270,0
U1290,38,E-Bike,2443,0
U1291,42,E-Bike,2190,0
U1292,55,Metro/Bus,4430,0
U1293,44,Metro/Bus,2883,0
U1294,26,Shuttle,683,0
U1295,34,E-Bike,1056,0
U1296,36,Metro/Bus,39,0
U1297,24,E-Bike,2014,0
U1298,38,Metro/Bus,2665,0
U1299,33,Metro/Bus,882,0
U1300,43,Shuttle,4321,0
U1301,25,E-Bike,1159,1
U1302,35,Metro/Bus,178,0
U1303,34,E-Bike,1621,0
U1304,27,E-Bike,379,0
U1305,53,E-Bike,4146,1
U1306,45,E-Bike,1983,0
U1307,53,E-Bike,1931,0
U1308,45,E-Bike,3761,0
U1309,20,E-Bike,1173,0
U1310,37,Metro/Bus,2901,0
U1311,32,E-Bike,1381,0
U1312,25,E-Bike,3103,0
U1313,22,E-Bike,1022,1
U1314,54,E-Bike,3966,0
U1315,32,Metro/Bus,3806,0
U1316,21,Shuttle,3414,0
U1317,51,Shuttle,750,0
U1318,22,E-Bike,3711,0
U1319,25,Metro/Bus,1313,0
U1320,47,E-Bike,3421,0
U1321,33,E-Bike,3600,1
U1322,18,E-Bike,4280,0
U1323,30,Shuttle,2743,0
U1324,20,Metro/Bus,2775,0
U1325,53,E-Bike,2498,0
U1326,26,E-Bike,4176,0
U1327,28,E-Bike,2781,1
U1328,50,Metro/Bus,3898,0
U1329,50,E-Bike,1713,0
U1330,47,Metro/Bus,837,0
U1331,46,E-Bike,4148,0
U1332,50,Metro/Bus,1839,0
U1333,48,E-Bike,624,0
U1334,49,E-Bike,4372,0
U1335,50,Metro/Bus,2219,1
U1336,43,E-Bike,1130,1
U1337,46,E-Bike,2709,0
U1338,51,Metro/Bus,503,0
U1339,55,Metro/Bus,4151,1
U1340,29,Shuttle,3940,0
U1341,49,E-Bike,1383,0
U1342,31,E-Bike,1631,1
U1343,51,E-Bike,169,0
U1344,43,E-Bike,1616,0
U1345,26,E-Bike,913,0
U1346,33,E-Bike,3923,0
U1347,50,Metro/Bus,52,1
U1348,41,Shuttle,3248,1
U1349,46,E-Bike,3698,0
U1350,34,E-Bike,1530,0
U1351,38,Shuttle,2710,0
U1352,53,E-Bike,2512,1
U1353,21,Shuttle,3340,0
U1354,43,Shuttle,4434,0
U1355,21,Shuttle,4795,0
U1356,48,E-Bike,1071,0
U1357,20,E-Bike,3570,0
U1358,37,E-Bike,4823,0
U1359,52,E-Bike,1577,0
U1360,27,Metro/Bus,3400,0
U1361,36,E-Bike,3009,1
U1362,36,E-Bike,4322,0
U1363,48,Shuttle,1384,0
U1364,50,Shuttle,114,0
U1365,33,Metro/Bus,773,0
U1366,19,Shuttle,917,0
U1367,39,Shuttle,1941,0
U1368,30,E-Bike,1177,0
U1369,47,E-Bike,4805,0
U1370,34,E-Bike,1116,0
U1371,45,Shuttle,2932,0
U1372,29,E-Bike,522,0
U1373,24,E-Bike,2138,0
U1374,47,E-Bike,2088,0
U1375,52,Metro/Bus,1632,0
U1376,41,E-Bike,2087,0
U1377,24,E-Bike,840,0
U1378,52,E-Bike,1970,0
U1379,27,E-Bike,2790,0
U1380,41,E-Bike,4904,0
U1381,28,E-Bike,1899,0
U1382,34,Metro/Bus,4980,0
U1383,49,Shuttle,2578,0
U1384,44,E-Bike,115,0
U1385,25,E-Bike,184,0
U1386,49,E-Bike,2131,0
U1387,25,Metro/Bus,1660,0
U1388,49,Metro/Bus,3712,1
U1389,19,Metro/Bus,4184,0
U1390,52,Metro/Bus,4306,0
U1391,18,Shuttle,2669,0
U1392,45,E-Bike,552,1
U1393,36,E-Bike,4317,0
U1394,23,Shuttle,1550,0
U1395,48,E-Bike,2527,1
U1396,39,E-Bike,3153,0
U1397,34,Metro/Bus,4176,0
U1398,31,Shuttle,1117,0
U1399,52,Shuttle,55,1
U1400,26,Metro/Bus,370,0
U1401,50,Metro/Bus,4057,0
U1402,38,Metro/Bus,4861,0
U1403,39,E-Bike,409,0
U1404,34,Metro/Bus,836,0
U1405,27,Shuttle,4353,0
U1406,23,Metro/Bus,660,0
U1407,47,E-Bike,1298,0
U1408,32,E-Bike,2797,0
U1409,44,Metro/Bus,4719,1
U1410,46,Shuttle,1885,0
U1411,52,E-Bike,3799,0
U1412,40,Metro/Bus,3614,0
U1413,47,E-Bike,3382,1
U1414,24,E-Bike,1424,0
U1415,42,E-Bike,1098,0
U1416,47,Metro/Bus,1431,0
U1417,27,E-Bike,926,0
U1418,46,Metro/Bus,1404,1
U1419,23,E-Bike,2864,1
U1420,18,Shuttle,4106,0
U1421,21,Shuttle,2681,0
U1422,55,E-Bike,543,0
U1423,44,E-Bike,3272,0
U1424,20,E-Bike,4767,0
U1425,18,Shuttle,422,0
U1426,40,E-Bike,3216,0
U1427,53,E-Bike,2740,0
U1428,46,E-Bike,3972,0
U1429,50,E-Bike,3775,0
U1430,37,Metro/Bus,3762,0
U1431,42,E-Bike,3851,0
U1432,46,Metro/Bus,3482,0
U1433,42,Metro/Bus,2650,0
U1434,39,Metro/Bus,3130,0
U1435,21,E-Bike,1431,1
U1436,46,E-Bike,2926,1
U1437,20,Metro/Bus,1902,0
U1438,32,Shuttle,2238,0
U1439,18,E-Bike,4915,1
U1440,42,Metro/Bus,2857,1
U1441,19,E-Bike,4052,0
U1442,30,E-Bike,674,0
U1443,39,Metro/Bus,3547,0
U1444,54,E-Bike,2627,0
U1445,24,E-Bike,2849,0
U1446,55,Shuttle,4576,0
U1447,28,E-Bike,4048,1
U1448,46,Metro/Bus,920,0
U1449,26,E-Bike,4439,0
U1450,33,E-Bike,4464,0
U1451,50,E-Bike,4189,0
U1452,49,Shuttle,1743,0
U1453,44,Shuttle,1068,1
U1454,53,Metro/Bus,4973,0
U1455,23,E-Bike,2575,0
U1456,38,Metro/Bus,3493,0
U1457,52,E-Bike,2376,1
U1458,30,Metro/Bus,4654,1
U1459,48,Metro/Bus,1135,0
U1460,29,E-Bike,1128,1
U1461,37,E-Bike,4846,0
U1462,45,Metro/Bus,2171,0
U1463,32,Shuttle,222,0
U1464,32,E-Bike,1117,0
U1465,43,E-Bike,4017,0
U1466,42,E-Bike,25,0
U1467,42,Metro/Bus,2751,0
U1468,50,E-Bike,3996,1
U1469,37,Metro/Bus,1175,0
U1470,22,E-Bike,918,0
U1471,24,Shuttle,1766,0
U1472,28,E-Bike,1222,0
U1473,19,E-Bike,231,0
U1474,48,Metro/Bus,2900,0
U1475,42,Metro/Bus,4604,0
U1476,51,E-Bike,3718,1
U1477,55,E-Bike,4393,0
U1478,44,Shuttle,987,1
U1479,29,E-Bike,4454,1
U1480,34,Shuttle,790,1
U1481,45,E-Bike,2245,0
U1482,52,Metro/Bus,2070,0
U1483,32,E-Bike,1453,0
U1484,46,Shuttle,4521,0
U1485,22,E-Bike,4614,0
U1486,47,Metro/Bus,144,0
U1487,35,E-Bike,272,0
U1488,18,Metro/Bus,4646,0
U1489,43,E-Bike,3136,0
U1490,25,Shuttle,3313,0
U1491,24,Metro/Bus,4436,0
U1492,46,E-Bike,4691,1
U1493,31,Metro/Bus,4492,0
U1494,28,E-Bike,3174,0
U1495,49,E-Bike,2664,0
U1496,33,E-Bike,4886,0
U1497,53,E-Bike,2390,0
U1498,47,E-Bike,2286,0
U1499,43,E-Bike,2950,0
U1500,36,Metro/Bus,3903,0
U1501,39,Shuttle,1016,1
U1502,38,Metro/Bus,555,0
U1503,25,Metro/Bus,1870,0
U1504,26,E-Bike,1873,0
U1505,25,E-Bike,611,0
U1506,36,E-Bike,3397,0
U1507,27,E-Bike,1182,0
U1508,41,E-Bike,2263,0
U1509,38,E-Bike,3388,0
U1510,38,E-Bike,2294,0
U1511,46,Shuttle,3057,0
U1512,21,E-Bike,2695,0
U1513,48,Metro/Bus,1652,0
U1514,38,E-Bike,2650,0
U1515,48,E-Bike,3773,0
U1516,52,Metro/Bus,824,0
U1517,32,Metro/Bus,1517,0
U1518,47,E-Bike,3749,0
U1519,19,E-Bike,2791,0
U1520,19,E-Bike,523,0
U1521,55,Metro/Bus,4857,0
U1522,41,Shuttle,1863,0
U1523,39,Shuttle,1769,0
U1524,23,Shuttle,2146,0
U1525,49,E-Bike,3914,0
U1526,52,Metro/Bus,1131,0
U1527,50,Metro/Bus,2338,0
U1528,34,Metro/Bus,4911,1
U1529,32,E-Bike,547,0
U1530,38,Metro/Bus,2100,0
U1531,28,E-Bike,1796,0
U1532,41,Shuttle,313,0
U1533,48,E-Bike,2775,1
U1534,55,Shuttle,3782,0
U1535,24,Metro/Bus,2119,0
U1536,24,E-Bike,922,0
U1537,19,E-Bike,2752,0
U1538,21,Shuttle,3202,0
U1539,43,Metro/Bus,927,0
U1540,55,E-Bike,2517,0
U1541,31,Metro/Bus,2870,0
U1542,20,E-Bike,4243,0
U1543,37,Metro/Bus,3464,0
U1544,22,E-Bike,694,0
U1545,41,E-Bike,3875,0
U1546,29,Shuttle,65,1
U1547,31,Shuttle,1747,0
U1548,32,E-Bike,1188,0
U1549,38,Metro/Bus,4,0
U1550,54,E-Bike,4805,0
U1551,33,E-Bike,2151,0
U1552,42,E-Bike,1377,0
U1553,52,Metro/Bus,2013,0
U1554,25,E-Bike,326,0
U1555,48,E-Bike,3591,0
U1556,43,Metro/Bus,3011,0
U1557,21,Metro/Bus,652,0
U1558,25,E-Bike,1352,0
U1559,31,Shuttle,981,1
U1560,23,Shuttle,2817,0
U1561,45,E-Bike,701,0
U1562,31,Shuttle,2723,0
U1563,52,Metro/Bus,3205,0
U1564,47,Metro/Bus,4792,0
U1565,33,Metro/Bus,2525,0
U1566,49,E-Bike,4032,0
U1567,25,E-Bike,1471,0
U1568,33,E-Bike,4313,0
U1569,34,Metro/Bus,267,0
U1570,55,Shuttle,3872,0
U1571,27,E-Bike,128,0
U1572,41,E-Bike,1964,0
U1573,37,Shuttle,2680,0
U1574,23,Shuttle,3155,1
U1575,40,E-Bike,3434,0
U1576,40,Metro/Bus,2903,0
U1577,53,E-Bike,2463,0
U1578,24,E-Bike,1300,0
U1579,42,E-Bike,1161,1
U1580,44,Shuttle,4032,0
U1581,34,Metro/Bus,670,0
U1582,34,Shuttle,580,0
U1583,53,Metro/Bus,1145,0
U1584,55,E-Bike,2384,0
U1585,47,Metro/Bus,2240,0
U1586,52,E-Bike,4379,0
U1587,28,Metro/Bus,732,0
U1588,36,Metro/Bus,143,0
U1589,39,E-Bike,3493,1
U1590,38,Metro/Bus,297,1
U1591,19,Shuttle,2692,0
U1592,19,Shuttle,4858,0
U1593,45,E-Bike,3715,1
U1594,42,Shuttle,1639,0
U1595,37,Metro/Bus,3203,0
U1596,38,E-Bike,1838,0
U1597,42,E-Bike,4092,0
U1598,40,E-Bike,527,1
U1599,33,E-Bike,1503,0
U1600,22,Shuttle,1795,0
U1601,45,Shuttle,2680,0
U1602,20,Shuttle,2922,0
U1603,40,E-Bike,4405,1
U1604,23,Metro/Bus,125,0
U1605,24,E-Bike,682,0
U1606,55,Shuttle,3509,0
U1607,54,Metro/Bus,1148,0
U1608,52,E-Bike,4943,0
U1609,26,E-Bike,1401,0
U1610,39,Metro/Bus,3952,0
U1611,50,E-Bike,226,1
U1612,37,E-Bike,1324,0
U1613,20,E-Bike,4489,0
U1614,32,E-Bike,708,0
U1615,38,Shuttle,944,1
U1616,39,E-Bike,2054,0
U1617,23,E-Bike,475,0
U1618,48,E-Bike,3037,0
U1619,50,Metro/Bus,373,1
U1620,49,Shuttle,3084,0
U1621,32,Metro/Bus,2629,0
U1622,30,Shuttle,2960,0
U1623,55,E-Bike,2027,0
U1624,41,E-Bike,1264,0
U1625,33,E-Bike,247,0
U1626,46,E-Bike,4994,0
U1627,31,Metro/Bus,2944,0
U1628,20,E-Bike,4038,0
U1629,47,E-Bike,3681,0
U1630,52,E-Bike,2144,0
U1631,22,Shuttle,1632,0
U1632,45,Shuttle,4659,0
U1633,38,E-Bike,2985,1
U1634,53,Shuttle,3804,1
U1635,34,Metro/Bus,3434,0
U1636,52,Shuttle,3416,0
U1637,42,Shuttle,1455,0
U1638,49,E-Bike,1135,0
U1639,28,Shuttle,2027,0
U1640,44,Shuttle,3724,0
U1641,40,E-Bike,2678,0
U1642,35,E-Bike,3605,1
U1643,53,E-Bike,110,0
U1644,44,Metro/Bus,1130,0
U1645,29,Shuttle,2587,0
U1646,30,Shuttle,3210,0
U1647,45,E-Bike,3752,0
U1648,22,Metro/Bus,846,0
U1649,46,E-Bike,2261,1
U1650,51,Shuttle,3410,0
U1651,48,E-Bike,1924,0
U1652,55,Shuttle,1057,0
U1653,35,Metro/Bus,4897,0
U1654,37,Shuttle,4337,0
U1655,36,E-Bike,1020,0
U1656,50,E-Bike,676,1
U1657,52,Metro/Bus,3215,0
U1658,49,E-Bike,1689,1
U1659,32,E-Bike,1749,0
U1660,50,Shuttle,4534,0
U1661,53,Metro/Bus,3171,0
U1662,37,E-Bike,1859,0
U1663,55,E-Bike,4948,1
U1664,55,Metro/Bus,1938,0
U1665,32,Metro/Bus,4628,0
U1666,36,Shuttle,4132,0
U1667,20,Metro/Bus,1240,0
U1668,41,Shuttle,1097,0
U1669,29,E-Bike,241,0
U1670,32,E-Bike,4158,1
U1671,36,Shuttle,4657,0
U1672,55,Metro/Bus,472,0
U1673,42,E-Bike,2047,0
U1674,37,Metro/Bus,4499,0
U1675,28,E-Bike,4748,0
U1676,24,E-Bike,120,0
U1677,36,E-Bike,4816,0
U1678,52,Shuttle,2286,0
U1679,27,Metro/Bus,273,0
U1680,28,Shuttle,2531,0
U1681,46,Metro/Bus,1827,0
U1682,50,Metro/Bus,3025,0
U1683,28,Shuttle,2883,0
U1684,44,E-Bike,1840,0
U1685,35,Metro/Bus,663,0
U1686,53,Metro/Bus,3819,0
U1687,54,E-Bike,2895,0
U1688,50,E-Bike,3607,0
U1689,18,E-Bike,4653,0
U1690,30,Shuttle,4399,0
U1691,37,E-Bike,2277,0
U1692,43,E-Bike,2494,0
U1693,19,Shuttle,3389,0
U1694,54,Shuttle,4710,0
U1695,54,Shuttle,1174,1
U1696,33,Metro/Bus,3739,0
U1697,21,Metro/Bus,3808,0
U1698,28,E-Bike,4914,0
U1699,24,E-Bike,1395,0
U1700,28,E-Bike,63,1
U1701,27,Metro/Bus,4183,0
U1702,43,E-Bike,2223,0
U1703,31,E-Bike,1949,1
U1704,42,E-Bike,3728,0
U1705,45,E-Bike,2131,1
U1706,22,Metro/Bus,400,0
U1707,37,E-Bike,3020,0
U1708,30,E-Bike,1372,0
U1709,37,E-Bike,936,0
U1710,20,E-Bike,2679,0
U1711,34,Metro/Bus,4416,0
U1712,36,Metro/Bus,1729,0
U1713,18,E-Bike,2738,0
U1714,48,E-Bike,2869,0
U1715,18,Metro/Bus,4143,0
U1716,19,E-Bike,817,0
U1717,45,E-Bike,4803,0
U1718,46,E-Bike,2893,0
U1719,33,E-Bike,2731,0
U1720,28,Metro/Bus,336,0
U1721,39,E-Bike,147,0
U1722,27,Metro/Bus,3105,0
U1723,28,Shuttle,1637,1
U1724,38,E-Bike,829,0
U1725,29,E-Bike,308,0
U1726,52,E-Bike,4383,0
U1727,53,E-Bike,3169,0
U1728,49,Shuttle,933,0
U1729,34,Metro/Bus,2413,0
U1730,51,E-Bike,4636,0
U1731,28,E-Bike,4043,0
U1732,20,E-Bike,1654,0
U1733,37,E-Bike,3067,0
U1734,44,Metro/Bus,457,1
U1735,54,E-Bike,1952,0
U1736,36,Metro/Bus,167,0
U1737,21,E-Bike,2385,0
U1738,25,E-Bike,1218,0
U1739,49,E-Bike,1844,0
U1740,44,Shuttle,3471,0
U1741,33,Shuttle,3662,1
U1742,48,Shuttle,2265,1
U1743,27,E-Bike,3884,0
U1744,41,E-Bike,1401,1
U1745,30,Shuttle,440,0
U1746,38,Metro/Bus,924,1
U1747,22,E-Bike,1520,0
U1748,49,E-Bike,2625,0
U1749,38,Metro/Bus,3626,0
U1750,42,E-Bike,3823,0
U1751,31,Metro/Bus,2353,0
U1752,52,E-Bike,123,0
U1753,42,E-Bike,2155,1
U1754,25,Metro/Bus,818,0
U1755,22,E-Bike,4117,0
U1756,44,Metro/Bus,4361,0
U1757,19,Metro/Bus,932,0
U1758,41,Shuttle,1969,0
U1759,40,Metro/Bus,2113,0
U1760,43,E-Bike,1827,0
U1761,53,E-Bike,840,0
U1762,26,Metro/Bus,4667,0
U1763,22,E-Bike,794,0
U1764,53,E-Bike,4801,0
U1765,25,E-Bike,4287,0
U1766,24,E-Bike,1775,0
U1767,46,E-Bike,2112,0
U1768,21,E-Bike,2852,0
U1769,34,Metro/Bus,755,0
U1770,36,Metro/Bus,3479,0
U1771,33,E-Bike,3663,0
U1772,19,Metro/Bus,2930,0
U1773,40,Metro/Bus,2359,1
U1774,53,E-Bike,3896,0
U1775,41,E-Bike,556,0
U1776,45,Metro/Bus,1596,0
U1777,45,E-Bike,3311,0
U1778,30,E-Bike,4501,0
U1779,42,Metro/Bus,4102,0
U1780,45,Metro/Bus,2943,0
U1781,31,Metro/Bus,3097,0
U1782,50,E-Bike,244,0
U1783,43,Metro/Bus,1020,0
U1784,32,E-Bike,4713,0
U1785,21,Metro/Bus,302,0
U1786,23,Metro/Bus,3992,0
U1787,47,E-Bike,578,1
U1788,37,Shuttle,214,0
U1789,45,E-Bike,992,0
U1790,51,E-Bike,1212,1
U1791,18,Metro/Bus,4004,0
U1792,24,E-Bike,1103,0
U1793,49,E-Bike,808,1
U1794,47,E-Bike,72,0
U1795,51,E-Bike,3710,0
U1796,20,Metro/Bus,2533,0
U1797,36,Metro/Bus,3654,1
U1798,25,E-Bike,2091,0
U1799,22,E-Bike,1466,1
U1800,43,E-Bike,3916,0
U1801,39,Metro/Bus,4038,0
U1802,34,Metro/Bus,3647,0
U1803,47,Metro/Bus,4819,1
U1804,42,Metro/Bus,2703,0
U1805,51,Metro/Bus,191,0
U1806,42,E-Bike,477,0
U1807,33,E-Bike,2384,1
U1808,35,Metro/Bus,2704,0
U1809,44,E-Bike,4045,0
U1810,55,E-Bike,4511,0
U1811,47,E-Bike,1539,0
U1812,26,Shuttle,3861,0
U1813,55,E-Bike,748,0
U1814,31,E-Bike,2931,0
U1815,52,E-Bike,4624,0
U1816,47,E-Bike,4802,0
U1817,46,Metro/Bus,906,0
U1818,31,Shuttle,3321,0
U1819,36,E-Bike,3048,0
U1820,55,E-Bike,451,1
U1821,27,Metro/Bus,762,0
U1822,48,Metro/Bus,669,0
U1823,22,E-Bike,943,1
U1824,35,Metro/Bus,4457,0
U1825,24,Shuttle,2421,0
U1826,21,Shuttle,3138,0
U1827,42,E-Bike,627,0
U1828,28,Metro/Bus,2945,0
U1829,18,Metro/Bus,2133,0
U1830,23,E-Bike,13,0
U1831,40,Shuttle,4283,0
U1832,54,E-Bike,453,1
U1833,38,Metro/Bus,472,0
U1834,28,Metro/Bus,3040,0
U1835,27,E-Bike,3161,0
U1836,27,Shuttle,4410,0
U1837,44,E-Bike,3617,0
U1838,26,Shuttle,4444,0
U1839,19,E-Bike,339,0
U1840,40,Shuttle,354,0
U1841,49,E-Bike,104,0
U1842,38,E-Bike,568,0
U1843,25,E-Bike,4294,1
U1844,25,E-Bike,2416,0
U1845,50,E-Bike,4685,0
U1846,25,E-Bike,4435,0
U1847,21,Metro/Bus,1122,0
U1848,18,E-Bike,4617,0
U1849,37,Shuttle,2005,0
U1850,40,Metro/Bus,3206,0
U1851,31,Metro/Bus,2378,0
U1852,21,E-Bike,1078,0
U1853,40,Shuttle,3912,0
U1854,19,E-Bike,2425,0
U1855,55,E-Bike,3109,0
U1856,28,Metro/Bus,3398,0
U1857,46,E-Bike,1353,0
U1858,37,Metro/Bus,1911,1
U1859,42,Metro/Bus,3061,1
U1860,55,E-Bike,1061,1
U1861,22,E-Bike,3017,0
U1862,55,Metro/Bus,1581,0
U1863,49,Metro/Bus,954,0
U1864,25,Shuttle,4256,0
U1865,52,Shuttle,4987,0
U1866,31,E-Bike,3846,0
U1867,30,E-Bike,3802,0
U1868,38,Metro/Bus,3464,0
U1869,29,E-Bike,703,0
U1870,25,E-Bike,4299,0
U1871,51,E-Bike,4966,0
U1872,44,Metro/Bus,653,1
U1873,20,E-Bike,2668,0
U1874,39,Metro/Bus,2720,0
U1875,40,Metro/Bus,268,0
U1876,19,E-Bike,3960,1
U1877,42,E-Bike,3987,1
U1878,19,E-Bike,2332,0
U1879,39,E-Bike,3367,0
U1880,54,E-Bike,2639,0
U1881,25,Metro/Bus,2103,0
U1882,48,E-Bike,4535,0
U1883,27,E-Bike,4408,0
U1884,39,E-Bike,4146,0
U1885,47,Metro/Bus,1278,0
U1886,20,Shuttle,239,0
U1887,29,Shuttle,1841,1
U1888,36,Metro/Bus,3889,0
U1889,32,Metro/Bus,4349,0
U1890,29,E-Bike,1394,0
U1891,22,E-Bike,4973,1
U1892,34,E-Bike,4206,1
U1893,40,E-Bike,1997,0
U1894,43,Shuttle,3962,0
U1895,47,E-Bike,4678,0
U1896,36,E-Bike,1292,0
U1897,37,Shuttle,783,0
U1898,24,E-Bike,1857,0
U1899,39,Shuttle,1988,0
U1900,40,Metro/Bus,4654,0
U1901,26,E-Bike,3430,1
U1902,24,E-Bike,2016,1
U1903,34,Shuttle,4057,1
U1904,52,Shuttle,2823,0
U1905,37,E-Bike,100,0
U1906,30,E-Bike,438,1
U1907,21,E-Bike,2475,0
U1908,18,E-Bike,82,1
U1909,41,Metro/Bus,4122,0
U1910,47,Shuttle,3947,0
U1911,32,E-Bike,2439,1
U1912,21,Metro/Bus,580,1
U1913,20,E-Bike,2510,0
U1914,21,Shuttle,2594,0
U1915,42,Metro/Bus,310,0
U1916,18,E-Bike,1017,0
U1917,49,Shuttle,3729,0
U1918,24,E-Bike,3073,0
U1919,27,E-Bike,2239,0
U1920,38,Metro/Bus,4081,1
U1921,37,E-Bike,58,0
U1922,44,Metro/Bus,1551,0
U1923,30,Shuttle,2760,0
U1924,46,Shuttle,3503,0
U1925,18,Metro/Bus,3441,0
U1926,38,Shuttle,3399,0
U1927,26,E-Bike,3760,0
U1928,45,E-Bike,143,0
U1929,55,E-Bike,1282,0
U1930,41,E-Bike,708,0
U1931,54,Metro/Bus,3137,0
U1932,52,E-Bike,162,0
U1933,55,Shuttle,96,0
U1934,37,E-Bike,3501,1
U1935,19,Metro/Bus,4084,1
U1936,44,Shuttle,321,0
U1937,48,E-Bike,4579,0
U1938,51,Shuttle,1218,0
U1939,21,Shuttle,3541,0
U1940,41,Shuttle,4872,0
U1941,18,E-Bike,1047,0
U1942,47,Shuttle,3863,0
U1943,45,E-Bike,291,0
U1944,47,Shuttle,625,0
U1945,28,Shuttle,1930,0
U1946,30,Metro/Bus,3182,1
U1947,26,Shuttle,4611,0
U1948,48,E-Bike,2643,0
U1949,32,Metro/Bus,4885,0
U1950,50,E-Bike,3848,0
U1951,32,E-Bike,2803,0
U1952,21,Shuttle,4766,0
U1953,20,E-Bike,599,0
U1954,46,Metro/Bus,4932,0
U1955,50,Metro/Bus,4428,0
U1956,50,Metro/Bus,464,0
U1957,44,E-Bike,3537,0
U1958,37,E-Bike,4065,0
U1959,47,E-Bike,714,0
U1960,31,Shuttle,1654,0
U1961,53,E-Bike,450,0
U1962,20,E-Bike,3200,0
U1963,42,Metro/Bus,1132,1
U1964,53,E-Bike,1731,0
U1965,33,Metro/Bus,2106,0
U1966,47,E-Bike,3831,0
U1967,29,E-Bike,3214,0
U1968,51,Shuttle,3301,1
U1969,50,E-Bike,4371,0
U1970,29,E-Bike,400,0
U1971,52,E-Bike,3830,0
U1972,34,Shuttle,1829,1
U1973,38,Metro/Bus,2927,0
U1974,40,Metro/Bus,1526,0
U1975,35,Shuttle,4874,0
U1976,53,E-Bike,3849,1
U1977,40,E-Bike,1338,0
U1978,50,E-Bike,1859,0
U1979,27,Metro/Bus,2093,0
U1980,50,Metro/Bus,1548,0
U1981,26,E-Bike,1566,0
U1982,45,E-Bike,4386,0
U1983,42,E-Bike,1044,0
U1984,21,E-Bike,4254,0
U1985,45,E-Bike,3703,0
U1986,25,Metro/Bus,3633,1
U1987,26,E-Bike,1111,0
U1988,53,Metro/Bus,1173,1
U1989,22,Metro/Bus,1257,0
U1990,51,Shuttle,2869,0
U1991,33,Shuttle,1206,0
U1992,35,E-Bike,2742,0
U1993,48,Shuttle,1823,0
U1994,18,E-Bike,476,0
U1995,44,Shuttle,4695,0
U1996,27,Metro/Bus,4730,0
U1997,49,E-Bike,1077,0
U1998,48,Metro/Bus,1405,0
U1999,26,Metro/Bus,100,1
U2000,54,E-Bike,3501,0
U2001,55,E-Bike,2005,0
U2002,38,E-Bike,4322,0
U2003,40,E-Bike,3710,0
U2004,38,Metro/Bus,2056,0
U2005,35,Shuttle,2566,0
U2006,50,Metro/Bus,4519,0
U2007,35,Metro/Bus,2041,1
U2008,19,Metro/Bus,4770,0
U2009,45,E-Bike,1761,0
U2010,24,Shuttle,965,0
U2011,40,E-Bike,4704,1
U2012,39,E-Bike,3968,0
U2013,18,E-Bike,4254,0
U2014,54,E-Bike,3745,0
U2015,49,E-Bike,1217,1
U2016,22,Metro/Bus,4026,0
U2017,35,Metro/Bus,872,0
U2018,29,E-Bike,1380,0
U2019,40,E-Bike,2814,1
U2020,43,E-Bike,167,0
U2021,29,Shuttle,1408,0
U2022,19,E-Bike,2178,1
U2023,41,E-Bike,290,0
U2024,52,E-Bike,1048,0
U2025,29,Shuttle,3673,0
U2026,33,Metro/Bus,3316,0
U2027,20,E-Bike,1515,0
U2028,51,E-Bike,470,0
U2029,32,Shuttle,846,0
U2030,51,Shuttle,2199,0
U2031,54,E-Bike,2606,0
U2032,53,Metro/Bus,4983,0
U2033,25,Shuttle,4390,0
U2034,46,E-Bike,687,0
U2035,51,Shuttle,3997,0
U2036,47,E-Bike,4270,0
U2037,28,E-Bike,403,0
U2038,52,E-Bike,4894,0
U2039,54,E-Bike,574,0
U2040,29,Metro/Bus,1626,0
U2041,36,E-Bike,818,0
U2042,38,Metro/Bus,490,0
U2043,32,Metro/Bus,1379,0
U2044,46,E-Bike,65,0
U2045,22,Metro/Bus,1252,0
U2046,26,Shuttle,2781,0
U2047,35,E-Bike,4506,0
U2048,49,E-Bike,2839,0
U2049,50,Metro/Bus,2005,0
U2050,50,Shuttle,3054,0
U2051,18,Metro/Bus,1922,1
U2052,36,E-Bike,1560,0
U2053,37,Metro/Bus,4975,1
U2054,54,Metro/Bus,2630,0
U2055,20,Metro/Bus,3213,0
U2056,28,Metro/Bus,507,1
U2057,41,E-Bike,799,0
U2058,35,Shuttle,831,0
U2059,55,Shuttle,2903,0
U2060,46,E-Bike,239,0
U2061,32,Metro/Bus,3127,1
U2062,24,E-Bike,2405,0
U2063,51,E-Bike,4711,0
U2064,33,E-Bike,4683,1
U2065,45,Metro/Bus,2399,0
U2066,21,E-Bike,3485,1
U2067,55,Shuttle,0,0
U2068,34,E-Bike,1279,0
U2069,50,E-Bike,2905,0
U2070,36,Metro/Bus,4606,0
U2071,55,Metro/Bus,2971,0
U2072,29,Metro/Bus,3677,1
U2073,34,Shuttle,2864,0
U2074,20,E-Bike,2271,0
U2075,38,Shuttle,76,1
U2076,44,E-Bike,4282,0
U2077,33,E-Bike,3248,0
U2078,24,E-Bike,2863,1
U2079,54,Metro/Bus,4686,0
U2080,36,E-Bike,2286,0
U2081,26,Metro/Bus,4714,1
U2082,53,E-Bike,2886,1
U2083,31,E-Bike,148,0
U2084,24,Metro/Bus,4731,0
U2085,53,Shuttle,1622,0
U2086,30,E-Bike,1993,1
U2087,50,E-Bike,180,0
U2088,46,Metro/Bus,2194,0
U2089,37,E-Bike,2786,1
U2090,20,Metro/Bus,3313,0
U2091,30,E-Bike,1555,0
U2092,32,Shuttle,3726,0
U2093,20,Shuttle,295,0
U2094,23,Shuttle,4984,0
U2095,46,Shuttle,2511,1
U2096,29,E-Bike,1986,0
U2097,52,Metro/Bus,386,0
U2098,50,Metro/Bus,3202,0
U2099,50,Metro/Bus,1056,0
U2100,29,E-Bike,2617,0
U2101,24,Shuttle,187,0
U2102,32,Metro/Bus,267,0
U2103,31,Metro/Bus,418,0
U2104,32,Metro/Bus,2236,0
U2105,37,Shuttle,3824,0
U2106,52,E-Bike,2982,0
U2107,48,Metro/Bus,4752,1
U2108,28,Metro/Bus,2169,0
U2109,28,Metro/Bus,35,0
U2110,18,E-Bike,3937,0
U2111,21,Metro/Bus,3302,0
U2112,32,E-Bike,3918,0
U2113,19,E-Bike,4804,0
U2114,50,E-Bike,3654,0
U2115,22,Shuttle,3419,0
U2116,49,Metro/Bus,3831,0
U2117,50,E-Bike,2833,0
U2118,42,Metro/Bus,4112,0
U2119,47,Metro/Bus,286,0
U2120,51,E-Bike,1981,0
U2121,40,E-Bike,2038,0
U2122,28,Shuttle,2074,1
U2123,42,E-Bike,3792,0
U2124,48,Shuttle,230,0
U2125,48,E-Bike,2074,0
U2126,31,E-Bike,3691,0
U2127,54,E-Bike,3523,0
U2128,18,Shuttle,4844,0
U2129,36,E-Bike,4179,0
U2130,32,Shuttle,387,0
U2131,30,Shuttle,4518,0
U2132,27,E-Bike,4880,0
U2133,33,E-Bike,2333,0
U2134,51,E-Bike,3860,0
U2135,38,Shuttle,4872,0
U2136,48,Metro/Bus,2040,0
U2137,39,E-Bike,1072,0
U2138,18,Metro/Bus,252,1
U2139,43,E-Bike,4691,0
U2140,28,Metro/Bus,2333,0
U2141,54,Shuttle,4382,1
U2142,20,E-Bike,741,1
U2143,43,Shuttle,3548,0
U2144,43,E-Bike,1600,0
U2145,31,Shuttle,4796,0
U2146,53,Metro/Bus,1800,0
U2147,27,E-Bike,1766,0
U2148,32,E-Bike,949,0
U2149,33,E-Bike,2952,1
U2150,40,E-Bike,2740,1
U2151,26,E-Bike,3243,0
U2152,44,Metro/Bus,4420,0
U2153,53,E-Bike,425,0
U2154,50,Metro/Bus,3576,0
U2155,55,Metro/Bus,4203,0
U2156,54,Shuttle,2927,1
U2157,42,Metro/Bus,2154,0
U2158,25,E-Bike,4356,0
U2159,36,E-Bike,1760,0
U2160,51,E-Bike,3042,0
U2161,40,E-Bike,6,0
U2162,25,E-Bike,682,0
U2163,21,Metro/Bus,3560,0
U2164,45,Metro/Bus,2666,0
U2165,51,E-Bike,2313,0
U2166,20,E-Bike,3176,0
U2167,33,E-Bike,4760,0
U2168,29,Metro/Bus,1773,1
U2169,22,E-Bike,1206,0
U2170,20,Shuttle,2120,0
U2171,31,E-Bike,1581,0
U2172,54,E-Bike,4356,0
U2173,46,E-Bike,2108,0
U2174,38,Shuttle,1045,0
U2175,46,E-Bike,3884,0
U2176,18,E-Bike,1633,1
U2177,41,Shuttle,4463,1
U2178,38,E-Bike,1549,1
U2179,34,Shuttle,2437,0
U2180,22,Metro/Bus,2054,0
U2181,40,E-Bike,4369,0
U2182,20,E-Bike,531,1
U2183,38,E-Bike,4411,0
U2184,33,E-Bike,3417,0
U2185,35,Metro/Bus,40,0
U2186,29,Metro/Bus,759,1
U2187,49,E-Bike,4839,0
U2188,39,E-Bike,2354,0
U2189,53,Shuttle,4325,0
U2190,29,Shuttle,4480,0
U2191,39,Metro/Bus,4945,0
U2192,41,Metro/Bus,102,0
U2193,31,E-Bike,1127,0
U2194,38,Metro/Bus,1483,1
U2195,35,Shuttle,1465,0
U2196,27,E-Bike,3500,0
U2197,50,Metro/Bus,3054,0
U2198,45,E-Bike,801,1
U2199,41,E-Bike,977,0
U2200,34,E-Bike,1058,1
